日時,測定開始からの時間,電源電流,電源電圧,電源電力,回転数,モータートルク,モータ相間電圧(Vm),モータ線電流(Im),インバータ出力電力(P-Out),インバータ効率,力率進角(φ),力率,電流進角(α)
,秒,A,V,W,RPM,Nm,V,A,W,%,deg,%,deg
2025/12/5 14:18,0,0,24.1,0,17,-0.016,0.9,0.3,0,0,-5.3,100,-0.5
2025/12/5 14:18,0.1,0,24.1,0,17,-0.016,0.9,0.3,0,0,21.6,93,1.5
2025/12/5 14:18,0.2,0,24.1,0,17,-0.016,0.8,0.3,0,0,45.1,71,0.9
2025/12/5 14:18,0.3,0,24.1,0,17,-0.016,0.7,0.4,0,0,92.9,-5,0.1
2025/12/5 14:18,0.4,0,24.1,0,17,-0.016,0.6,0.6,0,0,118.7,-48,-0.1
2025/12/5 14:18,0.5,0.1,24.1,2,20,-0.016,0.5,1.1,-1,-39,-173.5,-99,-0.1
2025/12/5 14:18,0.6,0.1,24,2,20,-0.016,0.4,1.3,-1,-23,-128.1,-62,-0.8
2025/12/5 14:18,0.7,0.2,24,5,28,-0.016,0.6,2,2,32,-43.1,73,0
2025/12/5 14:18,0.8,0.4,24,10,33,-0.016,0.7,2.8,3,34,16,96,-0.1
2025/12/5 14:18,0.9,0.5,24,12,39,-0.016,0.2,3.7,1,10,16.3,96,0
2025/12/5 14:18,1,0.6,24,14,46,-0.016,0.4,4.2,2,17,-30.9,86,0.2
2025/12/5 14:18,1.1,0.7,24,17,46,-0.016,0.8,4.6,6,37,-12.3,98,0.4
2025/12/5 14:18,1.2,0.9,24,22,54,-0.016,0.5,5.3,4,21,11.6,98,0.3
2025/12/5 14:18,1.3,1,24,24,62,-0.016,0.7,5.7,7,28,-14.8,97,0.2
2025/12/5 14:18,1.4,1.3,24,31,79,-0.016,0.9,6.7,10,33,-10.1,98,0.1
2025/12/5 14:18,1.5,1.4,24,34,89,-0.016,1.1,7,13,40,2.1,100,0.1
2025/12/5 14:18,1.6,1.5,24,36,89,-0.016,0.9,7.2,11,31,0.1,100,0
2025/12/5 14:18,1.7,1.7,23.9,41,98,-0.016,1.1,7.7,15,36,3.5,100,0.3
2025/12/5 14:18,1.8,1.8,23.9,43,108,-0.016,1.3,7.9,18,41,-5.4,100,0.3
2025/12/5 14:18,1.9,2,23.9,48,127,-0.016,1.2,8.3,17,36,0,100,0.4
2025/12/5 14:18,2,2.1,23.9,50,137,-0.016,1.4,8.4,20,41,-0.8,100,0.4
2025/12/5 14:18,2.1,2.2,23.9,53,146,-0.016,1.4,8.6,21,40,2,100,0.3
2025/12/5 14:18,2.2,2.3,23.9,55,146,-0.016,1.5,8.7,23,41,-3.2,100,0.3
2025/12/5 14:18,2.3,2.3,23.9,55,157,-0.016,1.4,8.7,21,38,-3.7,100,0.3
2025/12/5 14:18,2.4,2.4,23.9,57,165,-0.016,1.6,8.8,24,43,-1.5,100,0.2
2025/12/5 14:18,2.5,2.5,23.9,60,184,-0.016,1.5,8.8,23,38,-3.3,100,0.3
2025/12/5 14:18,2.6,2.6,23.9,62,193,-0.016,1.7,8.9,26,42,0,100,0.3
2025/12/5 14:18,2.7,2.7,23.9,65,193,-0.016,1.8,9,28,43,-1.6,100,0.4
2025/12/5 14:18,2.8,2.7,23.9,65,203,-0.016,1.8,9.1,28,44,-3.1,100,0.4
2025/12/5 14:18,2.9,2.8,23.9,67,213,-0.016,1.8,9,28,42,-4.1,100,0.3
2025/12/5 14:18,3,2.8,23.9,67,231,-0.016,1.8,9.1,28,42,-3.6,100,0.3
2025/12/5 14:18,3.1,2.9,23.9,69,241,-0.016,1.9,9.1,30,43,-3.4,100,0.4
2025/12/5 14:18,3.2,3,23.9,72,241,-0.016,1.9,9.1,30,42,-3.6,100,0.4
2025/12/5 14:18,3.3,3,23.9,72,258,-0.016,2,9.1,31,44,-3.3,100,0.4
2025/12/5 14:18,3.4,3,23.9,72,258,-0.016,2.1,9.2,33,47,-2.5,100,0.4
2025/12/5 14:18,3.5,3.1,23.9,74,278,-0.016,2.1,9.2,33,45,-0.8,100,0.4
2025/12/5 14:18,3.6,3.1,23.9,74,278,-0.016,2.1,9.2,33,45,-1.6,100,0.4
2025/12/5 14:18,3.7,3.2,23.9,76,287,-0.016,2.2,9.2,35,46,-2.6,100,0.3
2025/12/5 14:18,3.8,3.3,23.9,79,306,-0.016,2.2,9.2,35,44,-1.7,100,0.3
2025/12/5 14:18,3.9,3.3,23.9,79,306,-0.016,2.3,9.2,37,46,-3.1,100,0.3
2025/12/5 14:18,4,3.3,23.9,79,325,-0.016,2.3,9.2,37,46,-1.7,100,0.3
2025/12/5 14:18,4.1,3.4,23.9,81,325,-0.016,2.4,9.2,38,47,-2.7,100,0.4
2025/12/5 14:18,4.2,3.4,23.9,81,343,-0.016,2.5,9.2,40,49,-1.3,100,0.4
2025/12/5 14:18,4.3,3.5,23.9,84,352,-0.016,2.4,9.2,38,46,-2.2,100,0.4
2025/12/5 14:18,4.4,3.5,23.9,84,352,-0.016,2.5,9.2,40,48,-1.4,100,0.4
2025/12/5 14:18,4.5,3.5,23.9,84,361,-0.016,2.6,9.2,41,50,-1.1,100,0.4
2025/12/5 14:18,4.6,3.6,23.9,86,372,-0.016,2.6,9.2,41,48,-2.5,100,0.5
2025/12/5 14:18,4.7,3.6,23.9,86,379,-0.016,2.7,9.3,43,51,-2,100,0.4
2025/12/5 14:18,4.8,3.7,23.9,88,399,-0.016,2.7,9.3,43,49,-1,100,0.3
2025/12/5 14:18,4.9,3.7,23.9,88,408,-0.016,2.8,9.3,45,51,-2.3,100,0.2
2025/12/5 14:18,5,3.7,23.8,88,408,-0.016,2.8,9.3,45,51,-1.1,100,0.2
2025/12/5 14:18,5.1,3.8,23.8,90,418,-0.016,2.9,9.2,46,51,-1.1,100,0.2
2025/12/5 14:18,5.2,3.8,23.8,90,426,-0.016,2.9,9.2,46,51,-2.1,100,0.3
2025/12/5 14:18,5.3,3.8,23.8,90,445,-0.016,2.9,9.2,46,51,-1,100,0.3
2025/12/5 14:18,5.4,3.9,23.8,93,454,-0.016,3,9.2,48,51,-0.8,100,0.3
2025/12/5 14:18,5.5,3.9,23.8,93,454,-0.016,3.1,9.2,49,53,-0.9,100,0.3
2025/12/5 14:18,5.6,3.9,23.8,93,472,-0.016,3.1,9.2,49,53,-1.1,100,0.2
2025/12/5 14:18,5.7,3.9,23.8,93,472,-0.016,3.2,9.2,51,55,-1.1,100,0.1
2025/12/5 14:18,5.8,4,23.8,95,491,-0.016,3.2,9.2,51,54,-0.9,100,0.1
2025/12/5 14:18,5.9,4,23.8,95,500,-0.016,3.2,9.2,51,54,-0.7,100,0.1
2025/12/5 14:18,6,4,23.8,95,500,-0.016,3.2,9.2,51,54,-0.8,100,0.2
2025/12/5 14:18,6.1,4.1,23.8,98,518,-0.016,3.3,9.2,53,54,-1.5,100,0.2
2025/12/5 14:18,6.2,4.1,23.8,98,518,-0.016,3.4,9.2,54,56,-1.1,100,0.2
2025/12/5 14:18,6.3,4.1,23.8,98,537,-0.016,3.4,9.2,54,56,-0.7,100,0.2
2025/12/5 14:18,6.4,4.2,23.8,100,537,-0.016,3.4,9.3,55,55,-1.1,100,0.2
2025/12/5 14:18,6.5,4.2,23.8,100,546,-0.016,3.5,9.2,56,56,-0.3,100,0.3
2025/12/5 14:18,6.6,4.2,23.8,100,564,-0.016,3.6,9.2,57,57,-0.7,100,0.4
2025/12/5 14:18,6.7,4.3,23.8,102,564,-0.016,3.6,9.2,57,56,-0.2,100,0.3
2025/12/5 14:18,6.8,4.3,23.8,102,581,-0.016,3.6,9.2,57,56,-0.1,100,0.5
2025/12/5 14:18,6.9,4.3,23.8,102,581,-0.016,3.6,9.2,57,56,-0.6,100,0.7
2025/12/5 14:18,7,4.4,23.8,105,593,-0.016,3.7,9.2,59,56,-0.5,100,0.5
2025/12/5 14:18,7.1,4.4,23.8,105,610,-0.016,3.8,9.2,61,58,-0.5,100,0.4
2025/12/5 14:18,7.2,4.4,23.8,105,610,-0.016,3.8,9.2,61,58,0,100,0.4
2025/12/5 14:18,7.3,4.4,23.8,105,619,-0.016,3.8,9.2,61,58,0.1,100,0.6
2025/12/5 14:18,7.4,4.4,23.8,105,628,-0.016,3.9,9.2,62,59,-0.1,100,0.7
2025/12/5 14:18,7.5,4.5,23.8,107,645,-0.016,4,9.1,63,59,0,100,0.8
2025/12/5 14:18,7.6,4.5,23.8,107,655,-0.016,4,9.1,63,59,0,100,0.8
2025/12/5 14:18,7.7,4.5,23.8,107,655,-0.016,4,9,62,58,0.5,100,1
2025/12/5 14:18,7.8,4.5,23.8,107,661,-0.016,4.1,9,64,60,0,100,0.9
2025/12/5 14:18,7.9,4.6,23.8,109,679,-0.016,4.1,9.1,65,59,0,100,0.5
2025/12/5 14:18,8,4.6,23.8,109,679,-0.016,4.1,9.1,65,59,0.1,100,0.5
2025/12/5 14:18,8.1,4.7,23.8,112,699,-0.016,4.2,9.2,67,60,0.5,100,0.3
2025/12/5 14:18,8.2,4.7,23.8,112,699,-0.016,4.3,9.2,69,61,0.4,100,0.3
2025/12/5 14:18,8.3,4.7,23.8,112,708,-0.016,4.3,9.2,69,61,0.5,100,0.3
2025/12/5 14:18,8.4,4.8,23.8,114,726,-0.016,4.4,9.2,70,61,0.6,100,0.2
2025/12/5 14:18,8.5,4.8,23.8,114,726,-0.016,4.4,9.2,70,61,0.6,100,0.2
2025/12/5 14:18,8.6,4.8,23.8,114,735,-0.016,4.4,9.2,70,61,0.8,100,0.2
2025/12/5 14:18,8.7,4.9,23.8,117,753,-0.016,4.5,9.2,72,61,0.8,100,0.2
2025/12/5 14:18,8.8,4.9,23.8,117,753,-0.016,4.5,9.2,72,61,0.8,100,0.3
2025/12/5 14:18,8.9,5,23.8,119,772,-0.016,4.6,9.3,74,62,1.2,100,0.8
2025/12/5 14:18,9,4.9,23.8,117,772,-0.016,4.6,9.2,73,63,1.3,100,0.7
2025/12/5 14:18,9.1,5,23.8,119,781,-0.016,4.7,9.2,75,63,1,100,0.6
2025/12/5 14:18,9.2,5,23.8,119,798,-0.016,4.7,9.2,75,63,1.3,100,0.8
2025/12/5 14:18,9.3,5.1,23.8,121,798,-0.016,4.7,9.3,76,62,1.2,100,0.8
2025/12/5 14:18,9.4,5.1,23.8,121,816,-0.016,4.8,9.2,76,63,1.4,100,0.6
2025/12/5 14:18,9.5,5.1,23.8,121,816,-0.016,4.8,9.2,76,63,1.5,100,0.6
2025/12/5 14:18,9.6,5.1,23.8,121,825,-0.016,4.9,9.2,78,64,1.5,100,1
2025/12/5 14:18,9.7,5.1,23.8,121,845,-0.016,4.9,9.1,77,64,1.7,100,0.9
2025/12/5 14:18,9.8,5.2,23.8,124,852,-0.016,5,9.2,80,64,1.9,100,0.7
2025/12/5 14:18,9.9,5.2,23.8,124,861,-0.016,5,9.2,80,64,1.8,100,0.7
2025/12/5 14:18,10,5.2,23.8,124,861,-0.016,5,9.2,80,64,2.1,100,0.6
2025/12/5 14:18,10.1,5.3,23.8,126,870,-0.016,5.1,9.2,81,64,1.8,100,0.4
2025/12/5 14:18,10.2,5.3,23.7,126,888,-0.016,5.2,9.3,84,67,1.9,100,0.3
2025/12/5 14:18,10.3,5.4,23.7,128,897,-0.016,5.2,9.2,83,65,2.1,100,0.2
2025/12/5 14:18,10.4,5.4,23.7,128,906,-0.016,5.2,9.3,84,65,2.3,100,0.2
2025/12/5 14:18,10.5,5.4,23.7,128,906,-0.016,5.3,9.3,85,67,2.1,100,0.1
2025/12/5 14:18,10.6,5.5,23.7,130,915,-0.016,5.3,9.3,85,65,1.9,100,0
2025/12/5 14:18,10.7,5.5,23.7,130,932,-0.016,5.3,9.3,85,65,2.2,100,0
2025/12/5 14:18,10.8,5.5,23.7,130,932,-0.016,5.4,9.2,86,66,2.4,100,0
2025/12/5 14:18,10.9,5.5,23.7,130,950,-0.016,5.4,9.2,86,66,2.8,100,0.1
2025/12/5 14:18,11,5.6,23.7,133,960,-0.016,5.5,9.2,88,66,2.9,100,0.1
2025/12/5 14:18,11.1,5.6,23.7,133,960,-0.016,5.5,9.2,88,66,2.9,100,0
2025/12/5 14:18,11.2,5.6,23.7,133,978,-0.016,5.6,9.2,89,67,2.9,100,0
2025/12/5 14:18,11.3,5.6,23.7,133,978,-0.016,5.6,9.2,89,67,2.9,100,0
2025/12/5 14:18,11.4,5.6,23.7,133,995,-0.016,5.6,9.1,88,66,2.9,100,0
2025/12/5 14:18,11.5,5.6,23.7,133,1004,-0.016,5.7,9,89,67,3.2,100,0
2025/12/5 14:18,11.6,5.6,23.7,133,1004,-0.016,5.7,9,89,67,3.5,100,0.1
2025/12/5 14:18,11.7,5.7,23.7,135,1020,-0.016,5.7,9.1,90,66,3.3,100,0.1
2025/12/5 14:18,11.8,5.7,23.7,135,1020,-0.016,5.8,9.1,91,68,3.5,100,0.1
2025/12/5 14:18,11.9,5.8,23.7,137,1030,-0.016,5.8,9.1,91,66,3.6,100,0.1
2025/12/5 14:18,12,5.8,23.7,137,1039,-0.016,5.9,9.1,93,68,3.7,100,0.2
2025/12/5 14:18,12.1,5.8,23.7,137,1056,-0.016,5.9,9.1,93,67,4.1,100,0.3
2025/12/5 14:19,12.2,5.8,23.7,137,1065,-0.016,6,9.1,94,69,4.1,100,0.3
2025/12/5 14:19,12.3,5.9,23.7,140,1065,-0.016,6,9.1,94,67,4,100,0.3
2025/12/5 14:19,12.4,5.9,23.7,140,1073,-0.016,6.1,9.1,96,69,4.1,100,0.2
2025/12/5 14:19,12.5,6,23.7,142,1084,-0.016,6.1,9.2,97,68,4.2,100,0.2
2025/12/5 14:19,12.6,6,23.7,142,1100,-0.016,6.2,9.2,99,69,4.4,100,0.3
2025/12/5 14:19,12.7,6,23.7,142,1109,-0.016,6.2,9.2,99,69,4.3,100,0.3
2025/12/5 14:19,12.8,6.1,23.7,145,1109,-0.016,6.2,9.2,99,68,4.4,100,0.3
2025/12/5 14:19,12.9,6.1,23.7,145,1118,-0.016,6.3,9.2,100,69,4.3,100,0.1
2025/12/5 14:19,13,6.1,23.7,145,1135,-0.016,6.3,9.2,100,69,4.6,100,0.7
2025/12/5 14:19,13.1,6.2,23.7,147,1144,-0.016,6.4,9.2,102,69,4.5,100,0.6
2025/12/5 14:19,13.2,6.2,23.7,147,1153,-0.016,6.4,9.2,102,69,4.8,100,0.5
2025/12/5 14:19,13.3,6.2,23.7,147,1153,-0.016,6.4,9.2,102,69,4.9,100,0.7
2025/12/5 14:19,13.4,6.2,23.7,147,1162,-0.016,6.5,9.2,103,70,4.9,100,0.5
2025/12/5 14:19,13.5,6.3,23.7,149,1178,-0.016,6.5,9.2,103,69,4.8,100,0.4
2025/12/5 14:19,13.6,6.3,23.7,149,1178,-0.016,6.5,9.1,102,68,4.9,100,0.5
2025/12/5 14:19,13.7,6.3,23.7,149,1197,-0.016,6.6,9.1,104,69,5,100,0.4
2025/12/5 14:19,13.8,6.3,23.7,149,1204,-0.016,6.6,9.2,105,70,5.1,100,0.6
2025/12/5 14:19,13.9,6.4,23.7,152,1204,-0.016,6.7,9.2,106,70,5.1,100,0.5
2025/12/5 14:19,14,6.4,23.7,152,1221,-0.016,6.7,9.2,106,70,5.2,100,0.3
2025/12/5 14:19,14.1,6.4,23.7,152,1221,-0.016,6.7,9.2,106,70,5.3,100,0.3
2025/12/5 14:19,14.2,6.5,23.7,154,1241,-0.016,6.8,9.2,108,70,5.6,100,0.3
2025/12/5 14:19,14.3,6.5,23.7,154,1250,-0.016,6.8,9.2,108,70,5.6,100,0.7
2025/12/5 14:19,14.4,6.5,23.7,154,1250,-0.016,6.9,9.2,109,71,5.7,100,0.7
2025/12/5 14:19,14.5,6.6,23.7,156,1267,-0.016,6.9,9.2,109,70,6,99,0.6
2025/12/5 14:19,14.6,6.6,23.7,156,1267,-0.016,6.9,9.2,109,70,5.9,99,0.5
2025/12/5 14:19,14.7,6.6,23.7,156,1276,-0.016,7,9.2,111,71,6.1,99,0.6
2025/12/5 14:19,14.8,6.6,23.7,156,1291,-0.016,7,9.1,110,70,6.1,99,0.5
2025/12/5 14:19,14.9,6.7,23.7,159,1291,-0.016,7.1,9.2,112,71,6.3,99,1.2
2025/12/5 14:19,15,6.7,23.7,159,1311,-0.016,7.1,9.2,112,71,6.3,99,0.9
2025/12/5 14:19,15.1,6.7,23.7,159,1311,-0.016,7.1,9.2,112,71,6.3,99,0.8
2025/12/5 14:19,15.2,6.8,23.7,161,1320,-0.016,7.2,9.2,114,71,6.4,99,0.6
2025/12/5 14:19,15.3,6.8,23.7,161,1337,-0.016,7.2,9.2,114,71,6.5,99,0.5
2025/12/5 14:19,15.4,6.8,23.7,161,1337,-0.016,7.3,9.2,116,72,6.6,99,1
2025/12/5 14:19,15.5,6.9,23.7,164,1355,-0.016,7.3,9.2,116,71,6.7,99,0.7
2025/12/5 14:19,15.6,6.9,23.7,164,1355,-0.016,7.3,9.2,116,71,6.6,99,0.6
2025/12/5 14:19,15.7,6.9,23.7,164,1364,-0.016,7.4,9.2,117,72,6.8,99,0.7
2025/12/5 14:19,15.8,7,23.6,165,1379,-0.016,7.4,9.2,117,71,6.8,99,0.9
2025/12/5 14:19,15.9,7,23.6,165,1392,-0.016,7.5,9.3,120,73,7,99,0.7
2025/12/5 14:19,16,7,23.6,165,1399,-0.016,7.5,9.3,120,73,7.1,99,0.6
2025/12/5 14:19,16.1,7.1,23.6,168,1399,-0.016,7.5,9.3,120,72,7.1,99,0.5
2025/12/5 14:19,16.2,7.1,23.6,168,1408,-0.016,7.6,9.3,121,73,7.1,99,0.4
2025/12/5 14:19,16.3,7.1,23.6,168,1426,-0.016,7.6,9.2,120,72,7.4,99,0.5
2025/12/5 14:19,16.4,7.2,23.6,170,1434,-0.016,7.7,9.2,122,72,7.6,99,0.8
2025/12/5 14:19,16.5,7.2,23.6,170,1434,-0.016,7.7,9.2,122,72,7.7,99,0.9
2025/12/5 14:19,16.6,7.2,23.6,170,1445,-0.016,7.7,9.2,122,72,7.7,99,0.7
2025/12/5 14:19,16.7,7.2,23.6,170,1446,-0.016,7.8,9.2,123,72,7.7,99,1
2025/12/5 14:19,16.8,7.3,23.6,172,1471,-0.016,7.8,9.2,123,71,7.8,99,0.9
2025/12/5 14:19,16.9,7.3,23.6,172,1478,-0.016,7.9,9.2,125,72,7.9,99,0.7
2025/12/5 14:19,17,7.3,23.6,172,1478,-0.016,7.9,9.2,125,72,8.1,99,0.6
2025/12/5 14:19,17.1,7.4,23.6,175,1491,-0.016,7.9,9.3,126,72,8.1,99,0.5
2025/12/5 14:19,17.2,7.4,23.6,175,1492,-0.016,8,9.3,128,73,8.2,99,0.4
2025/12/5 14:19,17.3,7.5,23.6,177,1514,-0.016,8,9.3,128,72,8.3,99,0.9
2025/12/5 14:19,17.4,7.5,23.6,177,1514,-0.016,8.1,9.3,129,73,8.3,99,0.8
2025/12/5 14:19,17.5,7.5,23.6,177,1519,-0.016,8.1,9.3,129,73,8.5,99,1.3
2025/12/5 14:19,17.6,7.6,23.6,179,1539,-0.016,8.1,9.3,129,72,8.7,99,1.1
2025/12/5 14:19,17.7,7.6,23.6,179,1539,-0.016,8.2,9.3,131,73,8.6,99,1
2025/12/5 14:19,17.8,7.6,23.6,179,1558,-0.016,8.2,9.2,129,72,8.7,99,0.7
2025/12/5 14:19,17.9,7.6,23.6,179,1558,-0.016,8.2,9.2,129,72,8.9,99,0.6
2025/12/5 14:19,18,7.6,23.6,179,1564,-0.016,8.3,9.1,129,72,9,99,0.7
2025/12/5 14:19,18.1,7.6,23.6,179,1581,-0.016,8.3,9.1,129,72,9,99,0.5
2025/12/5 14:19,18.2,7.6,23.6,179,1581,-0.016,8.4,9.2,132,74,9,99,0.4
2025/12/5 14:19,18.3,7.7,23.6,182,1600,-0.016,8.4,9.2,132,73,9.3,99,0.4
2025/12/5 14:19,18.4,7.7,23.6,182,1600,-0.016,8.4,9.2,132,73,9.3,99,0.4
2025/12/5 14:19,18.5,7.7,23.6,182,1609,-0.016,8.5,9.2,134,73,9.6,99,0.5
2025/12/5 14:19,18.6,7.8,23.6,184,1627,-0.016,8.5,9.2,134,73,9.7,99,0.5
2025/12/5 14:19,18.7,7.8,23.6,184,1636,-0.016,8.6,9.2,135,73,9.9,99,0.5
2025/12/5 14:19,18.8,7.8,23.6,184,1644,-0.016,8.6,9.2,135,73,10,98,0.4
2025/12/5 14:19,18.9,7.9,23.6,186,1644,-0.016,8.6,9.2,135,72,9.9,99,0.4
2025/12/5 14:19,19,7.9,23.6,186,1653,-0.016,8.7,9.2,137,73,9.8,99,0.2
2025/12/5 14:19,19.1,7.9,23.6,186,1671,-0.016,8.7,9.2,137,73,9.9,99,0.2
2025/12/5 14:19,19.2,8,23.6,189,1679,-0.016,8.8,9.2,138,73,9.9,99,0
2025/12/5 14:19,19.3,8,23.6,189,1679,-0.016,8.8,9.2,138,73,9.9,99,0
2025/12/5 14:19,19.4,8,23.6,189,1689,-0.016,8.8,9.2,138,73,9.9,99,0
2025/12/5 14:19,19.5,8.1,23.6,191,1696,-0.016,8.9,9.2,140,73,10.1,98,0
2025/12/5 14:19,19.6,8.1,23.6,191,1714,-0.016,8.9,9.2,140,73,10.3,98,0
2025/12/5 14:19,19.7,8.1,23.6,191,1714,-0.016,8.9,9.2,139,73,10.4,98,0.1
2025/12/5 14:19,19.8,8.1,23.6,191,1723,-0.016,9,9.2,141,74,10.5,98,0.7
2025/12/5 14:19,19.9,8.2,23.6,194,1739,-0.016,9,9.2,141,73,10.6,98,0.8
2025/12/5 14:19,20,8.2,23.6,194,1739,-0.016,9,9.2,141,73,10.7,98,0.7
2025/12/5 14:19,20.1,8.2,23.6,194,1757,-0.016,9.1,9.2,142,74,10.9,98,0.9
2025/12/5 14:19,20.2,8.2,23.6,194,1757,-0.016,9.1,9.1,141,73,11,98,1.1
2025/12/5 14:19,20.3,8.2,23.6,194,1766,-0.016,9.1,9.1,141,73,11,98,0.9
2025/12/5 14:19,20.4,8.2,23.6,194,1783,-0.016,9.2,9.1,142,74,11.1,98,0.7
2025/12/5 14:19,20.5,8.2,23.6,194,1783,-0.016,9.2,9.1,142,73,11.3,98,0.6
2025/12/5 14:19,20.6,8.3,23.6,196,1790,-0.016,9.2,9.1,142,73,11.4,98,0.6
2025/12/5 14:19,20.7,8.3,23.6,196,1805,-0.016,9.3,9,142,72,11.6,98,0.5
2025/12/5 14:19,20.8,8.2,23.6,194,1805,-0.016,9.3,8.9,140,73,11.5,98,0.4
2025/12/5 14:19,20.9,8.2,23.6,194,1824,-0.016,9.3,8.9,140,73,11.6,98,0.3
2025/12/5 14:19,21,8.2,23.6,194,1824,-0.016,9.4,8.9,142,73,11.8,98,0.3
2025/12/5 14:19,21.1,8.2,23.6,194,1831,-0.016,9.4,8.8,140,72,11.9,98,0.9
2025/12/5 14:19,21.2,8.2,23.6,194,1848,-0.016,9.4,8.7,139,72,12,98,0.7
2025/12/5 14:19,21.3,8.2,23.6,194,1848,-0.016,9.4,8.7,139,72,12.1,98,0.6
2025/12/5 14:19,21.4,8.2,23.6,194,1865,-0.016,9.5,8.6,138,71,12.2,98,0.4
2025/12/5 14:19,21.5,8.1,23.6,191,1865,-0.016,9.5,8.6,138,72,12.3,98,0.4
2025/12/5 14:19,21.6,8.1,23.6,191,1872,-0.016,9.5,8.5,136,71,12.7,98,0.4
2025/12/5 14:19,21.7,8,23.6,189,1888,-0.016,9.6,8.4,136,72,12.8,98,0.3
2025/12/5 14:19,21.8,8,23.6,189,1888,-0.016,9.6,8.3,135,71,12.9,97,0.7
2025/12/5 14:19,21.9,7.9,23.6,186,1901,-0.016,9.6,8.1,131,70,13.2,97,0.6
2025/12/5 14:19,22,7.8,23.6,184,1901,-0.016,9.6,8,129,70,13.4,97,0.6
2025/12/5 14:19,22.1,7.6,23.6,179,1908,-0.016,9.6,7.6,123,68,13.6,97,0.8
2025/12/5 14:19,22.2,7.4,23.6,175,1919,-0.016,9.6,7.4,119,68,13.9,97,0.6
2025/12/5 14:19,22.3,7.2,23.7,171,1926,-0.016,9.6,7.2,116,68,14.2,97,0.7
2025/12/5 14:19,22.4,7.1,23.7,168,1926,-0.016,9.6,7.1,114,68,14.4,97,0.6
2025/12/5 14:19,22.5,7,23.7,166,1932,-0.016,9.6,6.9,111,67,14.5,97,0.5
2025/12/5 14:19,22.6,6.8,23.7,161,1935,-0.016,9.6,6.7,108,67,14.8,97,0.4
2025/12/5 14:19,22.7,6.6,23.7,156,1950,-0.016,9.6,6.4,103,66,14.9,97,1.3
2025/12/5 14:19,22.8,6.5,23.7,154,1950,-0.016,9.6,6.2,99,65,15.3,96,1.2
2025/12/5 14:19,22.9,6.4,23.7,152,1950,-0.016,9.6,6.1,98,64,15.4,96,1.1
2025/12/5 14:19,23,6.2,23.7,147,1961,-0.016,9.6,5.9,94,64,15.6,96,1
2025/12/5 14:19,23.1,6,23.7,142,1954,-0.016,9.6,5.6,90,63,16,96,1.3
2025/12/5 14:19,23.2,5.8,23.8,138,1966,-0.016,9.6,5.3,85,61,16.2,96,0.9
2025/12/5 14:19,23.3,5.5,23.8,131,1970,-0.016,9.6,5,80,61,16.6,96,0.8
2025/12/5 14:19,23.4,5.4,23.8,129,1970,-0.016,9.6,4.9,78,61,16.7,96,0.8
2025/12/5 14:19,23.5,5.1,23.8,121,1974,-0.016,9.6,4.7,75,62,17,96,0.6
2025/12/5 14:19,23.6,5,23.8,119,1974,-0.016,9.6,4.5,72,60,17.1,96,0.6
2025/12/5 14:19,23.7,4.8,23.8,114,1980,-0.016,9.6,4.3,68,60,17.1,96,0.3
2025/12/5 14:19,23.8,4.6,23.8,109,1983,-0.016,9.6,4.1,65,59,17.5,95,0.3
2025/12/5 14:19,23.9,4.5,23.8,107,1983,-0.016,9.6,4,63,59,17.7,95,0.4
2025/12/5 14:19,24,4.3,23.8,102,1987,-0.016,9.6,3.8,60,59,17.9,95,0.3
2025/12/5 14:19,24.1,4.2,23.9,100,1987,-0.016,9.5,3.6,56,56,18,95,0.4
2025/12/5 14:19,24.2,3.9,23.9,93,1993,-0.016,9.5,3.4,53,57,18.1,95,0.5
2025/12/5 14:19,24.3,3.8,23.9,91,1993,-0.016,9.5,3.3,52,57,18.3,95,0.8
2025/12/5 14:19,24.4,3.6,23.9,86,1992,-0.016,9.5,3.1,48,56,18.5,95,0.7
2025/12/5 14:19,24.5,3.5,23.9,84,1994,-0.016,9.5,2.9,45,54,18.7,95,0.5
2025/12/5 14:19,24.6,3.4,23.9,81,1994,-0.016,9.5,2.8,44,54,18.7,95,0.6
2025/12/5 14:19,24.7,3.2,23.9,76,1997,-0.016,9.5,2.7,42,55,18.8,95,0.4
2025/12/5 14:19,24.8,3.1,23.9,74,1997,-0.016,9.5,2.6,40,55,18.8,95,0.3
2025/12/5 14:19,24.9,3,23.9,72,1998,-0.016,9.5,2.5,39,54,18.9,95,0.7
2025/12/5 14:19,25,2.8,23.9,67,2001,-0.016,9.5,2.3,36,54,18.9,95,1.1
2025/12/5 14:19,25.1,2.7,23.9,65,2000,-0.016,9.5,2.2,34,53,19.3,94,1.2
2025/12/5 14:19,25.2,2.6,23.9,62,2000,-0.016,9.5,2.1,33,52,19.3,94,1.1
2025/12/5 14:19,25.3,2.5,23.9,60,2003,-0.016,9.5,2,31,52,19.4,94,0.9
2025/12/5 14:19,25.4,2.4,24,58,1999,-0.016,9.4,1.9,29,51,19.8,94,1
2025/12/5 14:19,25.5,2.2,24,53,2002,-0.016,9.4,1.8,28,52,19.8,94,0.8
2025/12/5 14:19,25.6,2.1,24,50,2002,-0.016,9.4,1.7,26,52,19.8,94,0.5
2025/12/5 14:19,25.7,2.1,24,50,2002,-0.016,9.4,1.7,26,52,19.6,94,0.2
2025/12/5 14:19,25.8,2,24,48,2007,-0.016,9.4,1.6,25,51,19.8,94,0.6
2025/12/5 14:19,25.9,1.9,24,46,1998,-0.016,9.4,1.5,23,50,19.8,94,0.8
2025/12/5 14:19,26,1.8,24,43,2002,-0.016,9.4,1.5,23,53,19.8,94,0.5
2025/12/5 14:19,26.1,1.7,24,41,2003,-0.016,9.4,1.4,21,52,20.1,94,0.6
2025/12/5 14:19,26.2,1.7,24,41,2003,-0.016,9.4,1.4,21,53,19.9,94,0.4
2025/12/5 14:19,26.3,1.6,24,38,2002,-0.016,9.4,1.4,21,56,19.7,94,0.1
2025/12/5 14:19,26.4,1.6,24,38,2002,-0.016,9.4,1.3,20,52,20,94,0.2
2025/12/5 14:19,26.5,1.5,24,36,2003,-0.016,9.4,1.3,20,55,19.9,94,0
2025/12/5 14:19,26.6,1.5,24,36,2000,-0.016,9.4,1.2,18,51,19.9,94,0.4
2025/12/5 14:19,26.7,1.4,24,34,2000,-0.016,9.4,1.2,18,55,19.6,94,0.1
2025/12/5 14:19,26.8,1.4,24,34,2003,-0.016,9.4,1.2,18,55,20,94,0.4
2025/12/5 14:19,26.9,1.4,24,34,2003,-0.016,9.4,1.2,18,55,19.9,94,0.2
2025/12/5 14:19,27,1.3,24,31,2002,-0.016,9.4,1.2,18,59,19.7,94,0
2025/12/5 14:19,27.1,1.3,24,31,2001,-0.016,9.4,1.1,17,54,19.8,94,0
2025/12/5 14:19,27.2,1.3,24,31,2001,-0.016,9.4,1.2,18,59,19.8,94,0
2025/12/5 14:19,27.3,1.2,24,29,2001,-0.016,9.4,1.2,18,64,20,94,0
2025/12/5 14:19,27.4,1.2,24,29,2001,-0.016,9.4,1.2,18,64,19.7,94,-0.2
2025/12/5 14:19,27.5,1.2,24,29,1999,-0.016,9.4,1.1,17,58,19.9,94,0.5
2025/12/5 14:19,27.6,1.2,24,29,1996,-0.016,9.4,1.1,17,59,19.7,94,0.5
2025/12/5 14:19,27.7,1.2,24,29,2002,-0.016,9.4,1.1,17,59,19.6,94,0.8
2025/12/5 14:19,27.8,1.1,24,26,2001,-0.016,9.4,1.1,17,64,19.7,94,0.7
2025/12/5 14:19,27.9,1.1,24,26,2001,-0.016,9.4,1.1,17,64,19.5,94,0.3
2025/12/5 14:19,28,1.1,24,26,2001,-0.016,9.4,1.2,18,70,19.5,94,0.1
2025/12/5 14:19,28.1,1.1,24,26,1996,-0.016,9.4,1.1,17,64,19.9,94,0.3
2025/12/5 14:19,28.2,1.1,24,26,2001,-0.016,9.4,1.1,17,64,19.6,94,0
2025/12/5 14:19,28.3,1.1,24,26,2001,-0.016,9.4,1.1,17,64,19.8,94,0.4
2025/12/5 14:19,28.4,1.1,24,26,2001,-0.016,9.4,1.1,17,64,19.9,94,0.5
2025/12/5 14:19,28.5,1.1,24,26,2001,-0.016,9.4,1.1,17,64,19.8,94,0.7
2025/12/5 14:19,28.6,1,24,24,1998,-0.016,9.4,1.1,17,70,19.7,94,0.4
2025/12/5 14:19,28.7,1,24,24,2000,-0.016,9.4,1.1,17,70,19.8,94,0.2
2025/12/5 14:19,28.8,1,24,24,2000,-0.016,9.4,1.1,17,70,19.5,94,0
2025/12/5 14:19,28.9,1,24,24,2000,-0.016,9.4,1.1,17,70,19.5,94,-0.1
2025/12/5 14:19,29,1,24,24,2001,-0.016,9.4,1.1,17,70,19.8,94,0
2025/12/5 14:19,29.1,1,24,24,2000,-0.016,9.4,1.1,17,70,19.8,94,-0.1
2025/12/5 14:19,29.2,1,24,24,2000,-0.016,9.4,1.1,17,70,19.5,94,-0.2
2025/12/5 14:19,29.3,1,24,24,1995,-0.016,9.4,1.1,17,71,19,95,0.1
2025/12/5 14:19,29.4,1,24,24,2000,-0.016,9.4,1.1,17,70,19.4,94,0.9
2025/12/5 14:19,29.5,1,24,24,2005,-0.016,9.4,1.1,17,70,19.5,94,0.6
2025/12/5 14:19,29.6,1,24,24,1999,-0.016,9.4,1,15,64,19.8,94,0.6
2025/12/5 14:19,29.7,1,24,24,1999,-0.016,9.4,1,15,64,19.7,94,0.4
2025/12/5 14:19,29.8,1,24,24,1999,-0.016,9.4,1,15,64,19.6,94,0
2025/12/5 14:19,29.9,1,24,24,2001,-0.016,9.4,1,15,64,19.8,94,0.1
2025/12/5 14:19,30,1,24,24,1996,-0.016,9.4,1.1,17,70,19.2,94,0.6
2025/12/5 14:19,30.1,1,24,24,2002,-0.016,9.4,1.1,17,70,19.4,94,0.6
2025/12/5 14:19,30.2,1,24,24,2002,-0.016,9.4,1.1,17,70,19.3,94,0.3
2025/12/5 14:19,30.3,1,23.9,24,1999,-0.016,9.4,1.1,17,71,19,95,-0.2
2025/12/5 14:19,30.4,1,23.9,24,2001,-0.016,9.4,1.1,17,71,19.1,94,-0.2
2025/12/5 14:19,30.5,1,23.9,24,1999,-0.016,9.4,1.1,17,71,19.1,94,-0.5
2025/12/5 14:19,30.6,1,23.9,24,1999,-0.016,9.4,1.1,17,71,19.2,94,-0.4
2025/12/5 14:19,30.7,1,23.9,24,1996,-0.016,9.4,1.2,18,77,19.7,94,0.5
2025/12/5 14:19,30.8,1,23.9,24,1996,-0.016,9.4,1.2,18,77,19.7,94,0.5
2025/12/5 14:19,30.9,1,23.8,24,1999,-0.016,9.4,1.1,17,71,19.8,94,0.9
2025/12/5 14:19,31,1,23.8,24,2002,-0.016,9.4,1.1,17,71,20,94,0.8
2025/12/5 14:19,31.1,1,23.8,24,1999,-0.016,9.4,1.2,18,77,19.9,94,0.5
2025/12/5 14:19,31.2,1.1,23.8,26,1999,-0.016,9.4,1.2,18,70,19.9,94,0.3
2025/12/5 14:19,31.3,1.1,23.8,26,1999,-0.016,9.4,1.2,18,70,19.4,94,-0.1
2025/12/5 14:19,31.4,1.1,23.8,26,2005,-0.016,9.4,1.2,18,70,19.2,94,-0.4
2025/12/5 14:19,31.5,1.1,23.8,26,1994,-0.016,9.4,1.2,18,70,19.3,94,-0.4
2025/12/5 14:19,31.6,1.1,23.8,26,2001,-0.016,9.4,1.2,19,71,18.7,95,-0.4
2025/12/5 14:19,31.7,1.1,23.7,26,2001,-0.016,9.4,1.2,18,71,19,95,-0.1
2025/12/5 14:19,31.8,1.1,23.7,26,2000,-0.016,9.4,1.2,19,71,18.5,95,-0.9
2025/12/5 14:19,31.9,1.1,23.7,26,1999,-0.016,9.4,1.2,19,71,18.6,95,-1
2025/12/5 14:19,32,1.1,23.7,26,1999,-0.016,9.4,1.2,19,71,18.7,95,-0.9
2025/12/5 14:19,32.1,1.1,23.7,26,2000,-0.016,9.4,1.2,18,71,19.2,94,-0.6
2025/12/5 14:19,32.2,1.1,23.7,26,2000,-0.016,9.4,1.2,18,71,19.4,94,-0.4
2025/12/5 14:19,32.3,1.1,23.7,26,2000,-0.016,9.4,1.2,18,71,19.6,94,0.2
2025/12/5 14:19,32.4,1.1,23.7,26,2001,-0.016,9.4,1.2,18,71,19.3,94,0
2025/12/5 14:19,32.5,1.1,23.7,26,2000,-0.016,9.4,1.2,18,71,19.6,94,0.4
2025/12/5 14:19,32.6,1.1,23.7,26,2000,-0.016,9.4,1.1,17,65,19.8,94,0.5
2025/12/5 14:19,32.7,1.1,23.7,26,2000,-0.016,9.4,1.2,18,70,19.9,94,0.6
2025/12/5 14:19,32.8,1.1,23.7,26,1999,-0.016,9.4,1.2,18,70,20,94,0.4
2025/12/5 14:19,32.9,1,23.7,24,1996,-0.016,9.4,1.1,17,71,19.8,94,0
2025/12/5 14:19,33,1,23.7,24,1996,-0.016,9.4,1.1,17,71,19.8,94,0
2025/12/5 14:19,33.1,1,23.7,24,2000,-0.016,9.4,1.1,17,71,19.7,94,0
2025/12/5 14:19,33.2,1,23.7,24,2000,-0.016,9.4,1.1,17,71,19.8,94,0
2025/12/5 14:19,33.3,1,23.7,24,1999,-0.016,9.4,1.1,17,71,20.2,94,0.9
2025/12/5 14:19,33.4,1,23.7,24,2000,-0.016,9.4,1.1,17,71,20.2,94,1.3
2025/12/5 14:19,33.5,1,23.6,24,1999,-0.016,9.4,1.1,17,71,20.1,94,1
2025/12/5 14:19,33.6,1,23.6,24,1999,-0.016,9.4,1.1,17,71,19.8,94,0.6
2025/12/5 14:19,33.7,1,23.6,24,1995,-0.016,9.4,1.1,17,71,19.7,94,0.2
2025/12/5 14:19,33.8,1,23.6,24,1999,-0.016,9.4,1.1,17,71,19.7,94,0
2025/12/5 14:19,33.9,1,23.6,24,1999,-0.016,9.4,1.1,17,72,19.5,94,-0.1
2025/12/5 14:19,34,1,23.6,24,1999,-0.016,9.4,1.1,17,72,19.4,94,-0.3
2025/12/5 14:19,34.1,1,23.6,24,1999,-0.016,9.4,1.1,17,72,19.2,94,-0.7
2025/12/5 14:19,34.2,1,23.6,24,1999,-0.016,9.4,1.1,17,72,19.3,94,-0.6
2025/12/5 14:19,34.3,1,23.6,24,1999,-0.016,9.4,1.1,17,71,19.7,94,-0.3
2025/12/5 14:19,34.4,1,23.6,24,1999,-0.016,9.4,1.1,17,71,19.7,94,-0.3
2025/12/5 14:19,34.5,1,23.6,24,1998,-0.016,9.4,1.1,17,71,19.8,94,0.3
2025/12/5 14:19,34.6,1,23.6,24,1998,-0.016,9.4,1.1,17,71,20,94,0.7
2025/12/5 14:19,34.7,1,23.6,24,1998,-0.016,9.4,1.1,17,72,19.5,94,0.1
2025/12/5 14:19,34.8,1,23.6,24,1997,-0.016,9.4,1.1,17,71,19.8,94,0.8
2025/12/5 14:19,34.9,1,23.6,24,1997,-0.016,9.4,1.1,17,71,19.7,94,0.6
2025/12/5 14:19,35,1,23.6,24,1999,-0.016,9.4,1.1,17,71,19.8,94,0.3
2025/12/5 14:19,35.1,1,23.6,24,1999,-0.016,9.4,1.1,17,71,19.9,94,0.4
2025/12/5 14:19,35.2,1,23.6,24,1999,-0.016,9.4,1.1,17,72,19.2,94,-0.5
2025/12/5 14:19,35.3,1,23.6,24,1998,-0.016,9.4,1.1,17,72,19.3,94,-0.4
2025/12/5 14:19,35.4,1,23.6,24,1998,-0.016,9.4,1.1,17,72,19,95,-0.7
2025/12/5 14:19,35.5,1,23.6,24,1999,-0.016,9.4,1.2,18,78,19.5,94,-0.3
2025/12/5 14:19,35.6,1.1,23.6,26,1999,-0.016,9.4,1.2,18,71,19.8,94,0
2025/12/5 14:19,35.7,1.1,23.5,26,1996,-0.016,9.4,1.2,18,71,19.6,94,0
2025/12/5 14:19,35.8,1.1,23.5,26,2001,-0.016,9.4,1.2,18,71,19.7,94,0.8
2025/12/5 14:19,35.9,1.1,23.5,26,1999,-0.016,9.4,1.2,18,71,19.3,94,0.2
2025/12/5 14:19,36,1.1,23.5,26,1999,-0.016,9.4,1.2,18,71,19.1,94,-0.1
2025/12/5 14:19,36.1,1.1,23.5,26,2001,-0.016,9.4,1.2,18,71,19.5,94,0
2025/12/5 14:19,36.2,1.1,23.5,26,1997,-0.016,9.4,1.2,18,71,19.5,94,0
2025/12/5 14:19,36.3,1.1,23.5,26,1999,-0.016,9.4,1.2,18,71,19.6,94,-0.1
2025/12/5 14:19,36.4,1.1,23.5,26,1995,-0.016,9.4,1.2,18,71,19.5,94,0.3
2025/12/5 14:19,36.5,1.1,23.5,26,1995,-0.016,9.4,1.2,18,71,19.9,94,0.8
2025/12/5 14:19,36.6,1.1,23.5,26,2008,-0.016,9.4,1.2,18,71,19.7,94,0.7
2025/12/5 14:19,36.7,1.1,23.5,26,1995,-0.016,9.4,1.2,18,71,20,94,0.9
2025/12/5 14:19,36.8,1.1,23.5,26,1999,-0.016,9.4,1.2,18,71,19.8,94,0.5
2025/12/5 14:19,36.9,1.1,23.5,26,1999,-0.016,9.4,1.2,18,71,19.9,94,0.5
2025/12/5 14:19,37,1.1,23.5,26,1999,-0.016,9.4,1.2,18,71,19.4,94,-0.1
2025/12/5 14:19,37.1,1.1,23.5,26,1994,-0.016,9.4,1.2,18,71,19.2,94,-0.5
2025/12/5 14:19,37.2,1.1,23.5,26,1994,-0.016,9.4,1.1,17,66,18.9,95,-0.8
2025/12/5 14:19,37.3,1.1,23.5,26,2000,-0.016,9.4,1.1,17,65,19.3,94,-0.3
2025/12/5 14:19,37.4,1.1,23.5,26,2000,-0.016,9.4,1.1,17,65,19.1,94,0
2025/12/5 14:19,37.5,1.1,23.5,26,1995,-0.016,9.4,1.1,17,66,18.6,95,0
2025/12/5 14:19,37.6,1,23.5,24,2000,-0.016,9.4,1.1,17,72,18.9,95,-0.1
2025/12/5 14:19,37.7,1,23.5,24,2000,-0.016,9.4,1.1,17,72,18.6,95,-0.4
2025/12/5 14:19,37.8,1,23.5,24,1999,-0.016,9.4,1.1,17,72,19.2,94,-0.2
2025/12/5 14:19,37.9,1,23.5,24,1999,-0.016,9.4,1.1,17,72,19.2,94,-0.2
2025/12/5 14:19,38,1,23.5,24,1999,-0.016,9.4,1.1,17,72,19.9,94,0.2
2025/12/5 14:19,38.1,1,23.5,24,1999,-0.016,9.4,1.1,17,72,20.2,94,0.5
2025/12/5 14:19,38.2,1,23.5,24,1999,-0.016,9.4,1.1,17,72,20.1,94,0.7
2025/12/5 14:19,38.3,1,23.4,23,2000,-0.016,9.4,1.1,17,72,20.4,94,1.4
2025/12/5 14:19,38.4,1,23.4,23,2000,-0.016,9.4,1.1,17,72,20.5,94,1.4
2025/12/5 14:19,38.5,1,23.4,23,1999,-0.016,9.4,1.1,17,72,20,94,0.7
2025/12/5 14:19,38.6,1,23.4,23,1999,-0.016,9.4,1.1,17,72,20,94,0.4
2025/12/5 14:19,38.7,1,23.4,23,1999,-0.016,9.4,1.1,17,72,20,94,0.3
2025/12/5 14:19,38.8,1,23.4,23,1999,-0.016,9.4,1.1,17,72,20.1,94,0.3
2025/12/5 14:19,38.9,1,23.4,23,2001,-0.016,9.4,1.1,17,72,20.2,94,0.4
2025/12/5 14:19,39,1,23.4,23,1997,-0.016,9.4,1.1,17,72,20.3,94,0.3
2025/12/5 14:19,39.1,1,23.4,23,1999,-0.016,9.4,1.1,17,72,20.2,94,0.3
2025/12/5 14:19,39.2,1,23.4,23,1999,-0.016,9.4,1.1,17,72,19.9,94,0
2025/12/5 14:19,39.3,1,23.4,23,1999,-0.016,9.4,1.1,17,72,19.7,94,-0.2
2025/12/5 14:19,39.4,1,23.4,23,1996,-0.016,9.4,1.1,17,72,19.5,94,-0.6
2025/12/5 14:19,39.5,1,23.4,23,1996,-0.016,9.4,1.1,17,72,19.4,94,-0.6
2025/12/5 14:19,39.6,1,23.4,23,1999,-0.016,9.4,1.1,17,72,19.8,94,-0.3
2025/12/5 14:19,39.7,1,23.4,23,1999,-0.016,9.4,1.1,17,72,19.9,94,-0.2
2025/12/5 14:19,39.8,1,23.4,23,1999,-0.016,9.4,1.1,17,72,20.4,94,0.6
2025/12/5 14:19,39.9,1.1,23.4,26,1995,-0.016,9.4,1.2,18,71,20.1,94,0.8
2025/12/5 14:19,40,1.1,23.4,26,1995,-0.016,9.4,1.1,17,65,20,94,0.7
2025/12/5 14:19,40.1,1.1,23.4,26,1999,-0.016,9.4,1.2,18,71,20,94,0.5
2025/12/5 14:19,40.2,1.1,23.4,26,1999,-0.016,9.4,1.2,18,71,19.9,94,0.4
2025/12/5 14:19,40.3,1.1,23.4,26,1999,-0.016,9.4,1.2,18,71,20.2,94,0.4
2025/12/5 14:19,40.4,1,23.4,23,1997,-0.016,9.4,1,15,65,20.9,93,0.9
2025/12/5 14:19,40.5,0.8,23.4,19,1997,-0.016,9.3,0.6,9,47,23.2,92,2.8
2025/12/5 14:19,40.6,0.7,23.4,16,1995,-0.016,9.3,0.3,4,26,26.3,90,5.7
2025/12/5 14:19,40.7,0.6,23.5,14,1995,-0.016,9.3,0,0,0,46.2,69,25.3
2025/12/5 14:19,40.8,0.3,23.5,7,1992,-0.016,9.2,0.7,-11,-149,199.2,-94,177.9
2025/12/5 14:19,40.9,0.1,23.6,2,1980,-0.016,9.1,1.5,-22,-934,201.2,-93,179.1
2025/12/5 14:19,41,-0.1,23.7,-2,1975,-0.016,9,2.3,-33,1406,201.7,-93,178.8
2025/12/5 14:19,41.1,-0.3,23.7,-7,1968,-0.016,8.9,2.8,-40,562,202.1,-93,178.8
2025/12/5 14:19,41.2,-0.4,23.7,-9,1968,-0.016,8.9,3.2,-46,480,202.6,-92,178.8
2025/12/5 14:19,41.3,-0.7,23.8,-17,1959,-0.016,8.8,4,-56,336,203.3,-92,178.7
2025/12/5 14:19,41.4,-0.9,23.9,-22,1942,-0.016,8.7,4.7,-65,301,204,-91,178.7
2025/12/5 14:19,41.5,-1,23.9,-24,1942,-0.016,8.6,5,-68,284,204.2,-91,178.7
2025/12/5 14:19,41.6,-1.2,24,-29,1923,-0.016,8.5,5.6,-75,260,204.7,-91,178.7
2025/12/5 14:19,41.7,-1.3,24,-31,1923,-0.016,8.5,5.9,-79,253,204.9,-91,178.6
2025/12/5 14:19,41.8,-1.5,24.1,-36,1914,-0.016,8.4,6.5,-85,237,205.3,-90,178.5
2025/12/5 14:19,41.9,-1.7,24.1,-41,1892,-0.016,8.3,6.9,-89,218,205.6,-90,178.4
2025/12/5 14:19,42,-1.8,24.1,-43,1892,-0.016,8.3,7.1,-92,212,205.8,-90,178.4
2025/12/5 14:19,42.1,-1.9,24.2,-46,1882,-0.016,8.2,7.5,-96,208,206.1,-90,178.4
2025/12/5 14:19,42.2,-2,24.2,-48,1874,-0.016,8.1,7.7,-97,200,206.1,-90,178.3
2025/12/5 14:19,42.3,-2.1,24.2,-51,1857,-0.016,8.1,7.9,-99,196,206.3,-90,178.8
2025/12/5 14:19,42.4,-2.2,24.3,-53,1841,-0.016,8,8.2,-102,190,206.7,-89,179.2
2025/12/5 14:19,42.5,-2.2,24.3,-53,1841,-0.016,7.9,8.3,-101,190,206.7,-89,179.2
2025/12/5 14:19,42.6,-2.3,24.3,-56,1827,-0.016,7.9,8.4,-103,184,206.7,-89,179.1
2025/12/5 14:19,42.7,-2.3,24.4,-56,1801,-0.016,7.8,8.5,-103,183,206.8,-89,179
2025/12/5 14:19,42.8,-2.4,24.4,-59,1801,-0.016,7.8,8.6,-104,177,206.9,-89,179.2
2025/12/5 14:19,42.9,-2.4,24.4,-59,1786,-0.016,7.7,8.7,-104,177,206.8,-89,179.5
2025/12/5 14:19,43,-2.4,24.4,-59,1786,-0.016,7.7,8.7,-104,177,206.8,-89,179.5
2025/12/5 14:19,43.1,-2.5,24.4,-61,1772,-0.016,7.6,8.8,-103,169,206.9,-89,179.3
2025/12/5 14:19,43.2,-2.5,24.4,-61,1750,-0.016,7.5,8.9,-103,169,206.7,-89,179.7
2025/12/5 14:19,43.3,-2.5,24.5,-61,1739,-0.016,7.5,8.9,-103,169,206.7,-89,179.5
2025/12/5 14:19,43.4,-2.5,24.5,-61,1727,-0.016,7.5,9,-104,171,206.7,-89,179.4
2025/12/5 14:19,43.5,-2.5,24.5,-61,1727,-0.016,7.4,9,-103,168,206.6,-89,179.3
2025/12/5 14:19,43.6,-2.5,24.5,-61,1712,-0.016,7.4,9,-103,169,206.4,-90,179.7
2025/12/5 14:19,43.7,-2.5,24.5,-61,1690,-0.016,7.3,9,-102,167,206.2,-90,179.4
2025/12/5 14:19,43.8,-2.5,24.5,-61,1690,-0.016,7.3,9,-102,167,206.1,-90,179.9
2025/12/5 14:19,43.9,-2.5,24.5,-61,1672,-0.016,7.2,9,-101,164,206.2,-90,179.7
2025/12/5 14:19,44,-2.5,24.5,-61,1672,-0.016,7.2,9,-101,165,206.1,-90,179.5
2025/12/5 14:19,44.1,-2.5,24.5,-61,1661,-0.016,7.1,9,-100,163,205.9,-90,179.3
2025/12/5 14:19,44.2,-2.5,24.5,-61,1636,-0.016,7.1,9,-100,163,205.8,-90,179.2
2025/12/5 14:19,44.3,-2.5,24.5,-61,1636,-0.016,7,9,-98,161,205.6,-90,179.1
2025/12/5 14:19,44.4,-2.4,24.5,-59,1617,-0.016,7,9,-99,168,205.4,-90,178.8
2025/12/5 14:19,44.5,-2.4,24.5,-59,1606,-0.016,6.9,9,-97,165,205.3,-90,178.9
2025/12/5 14:19,44.6,-2.4,24.5,-59,1606,-0.016,6.9,9,-97,166,205.2,-90,178.9
2025/12/5 14:19,44.7,-2.4,24.6,-59,1584,-0.016,6.8,9,-96,163,205.1,-91,178.8
2025/12/5 14:19,44.8,-2.3,24.6,-57,1584,-0.016,6.8,9,-96,170,205.1,-91,178.9
2025/12/5 14:19,44.9,-2.3,24.6,-57,1573,-0.016,6.8,8.9,-95,168,205,-91,178.9
2025/12/5 14:19,45,-2.3,24.6,-57,1564,-0.016,6.7,9,-95,167,204.9,-91,178.8
2025/12/5 14:19,45.1,-2.3,24.6,-57,1550,-0.016,6.7,9,-95,168,204.7,-91,178.7
2025/12/5 14:19,45.2,-2.2,24.6,-54,1530,-0.016,6.6,9,-94,173,204.5,-91,178.6
2025/12/5 14:19,45.3,-2.2,24.6,-54,1530,-0.016,6.6,8.9,-93,171,204.4,-91,178.7
2025/12/5 14:19,45.4,-2.2,24.6,-54,1518,-0.016,6.5,9,-92,171,204.4,-91,178.6
2025/12/5 14:19,45.5,-2.2,24.6,-54,1511,-0.016,6.5,9,-92,171,204.2,-91,178.5
2025/12/5 14:19,45.6,-2.1,24.6,-52,1486,-0.016,6.4,8.8,-89,173,203.7,-92,178.4
2025/12/5 14:19,45.7,-2.1,24.6,-52,1476,-0.016,6.4,8.8,-89,173,203.8,-91,178.7
2025/12/5 14:19,45.8,-2.1,24.6,-52,1476,-0.016,6.3,8.8,-88,170,203.8,-91,178.7
2025/12/5 14:19,45.9,-2,24.6,-49,1462,-0.016,6.3,8.7,-87,177,203.5,-92,179.1
2025/12/5 14:19,46,-2,24.5,-49,1440,-0.016,6.2,8.7,-86,175,203.5,-92,179
2025/12/5 14:19,46.1,-2,24.5,-49,1434,-0.016,6.2,8.7,-86,175,203.3,-92,179.2
2025/12/5 14:19,46.2,-1.9,24.5,-47,1423,-0.016,6.1,8.7,-85,182,203.1,-92,179.3
2025/12/5 14:19,46.3,-1.9,24.5,-47,1423,-0.016,6.1,8.7,-85,182,202.8,-92,179.1
2025/12/5 14:19,46.4,-1.9,24.5,-47,1412,-0.016,6,8.7,-83,179,202.7,-92,178.9
2025/12/5 14:19,46.5,-1.9,24.5,-47,1389,-0.016,6,8.7,-84,179,202.5,-92,178.6
2025/12/5 14:19,46.6,-1.9,24.5,-47,1389,-0.016,6,8.8,-85,182,202.3,-93,178.6
2025/12/5 14:19,46.7,-1.8,24.5,-44,1369,-0.016,5.9,8.8,-83,189,202.4,-92,178.5
2025/12/5 14:19,46.8,-1.8,24.5,-44,1369,-0.016,5.9,8.7,-82,187,202.1,-93,179.1
2025/12/5 14:19,46.9,-1.8,24.5,-44,1359,-0.016,5.8,8.7,-81,184,201.9,-93,178.9
2025/12/5 14:19,47,-1.7,24.5,-42,1338,-0.016,5.8,8.7,-81,195,202,-93,178.8
2025/12/5 14:19,47.1,-1.7,24.5,-42,1338,-0.016,5.7,8.6,-79,189,201.8,-93,178.8
2025/12/5 14:19,47.2,-1.7,24.5,-42,1328,-0.016,5.7,8.5,-78,187,201.7,-93,178.7
2025/12/5 14:19,47.3,-1.6,24.5,-39,1318,-0.016,5.7,8.4,-77,197,201.4,-93,179.2
2025/12/5 14:19,47.4,-1.6,24.5,-39,1307,-0.016,5.6,8.5,-77,196,201.2,-93,178.9
2025/12/5 14:19,47.5,-1.6,24.5,-39,1287,-0.016,5.5,8.4,-75,190,201.2,-93,178.8
2025/12/5 14:19,47.6,-1.6,24.5,-39,1287,-0.016,5.5,8.4,-75,191,200.9,-93,178.8
2025/12/5 14:19,47.7,-1.5,24.5,-37,1277,-0.016,5.5,8.4,-75,203,201,-93,178.7
2025/12/5 14:19,47.8,-1.5,24.5,-37,1253,-0.016,5.4,8.4,-74,200,200.5,-94,178.9
2025/12/5 14:19,47.9,-1.5,24.5,-37,1253,-0.016,5.4,8.4,-74,200,200.4,-94,178.8
2025/12/5 14:19,48,-1.4,24.5,-34,1236,-0.016,5.3,8.4,-72,210,200.6,-94,178.8
2025/12/5 14:19,48.1,-1.4,24.5,-34,1236,-0.016,5.3,8.3,-71,208,200.6,-94,178.8
2025/12/5 14:19,48.2,-1.4,24.5,-34,1226,-0.016,5.2,8.3,-70,204,200.5,-94,178.7
2025/12/5 14:19,48.3,-1.3,24.5,-32,1204,-0.016,5.2,8.3,-70,220,200.3,-94,179.1
2025/12/5 14:19,48.4,-1.3,24.5,-32,1196,-0.016,5.1,8.3,-69,216,200.4,-94,179.1
2025/12/5 14:19,48.5,-1.3,24.5,-32,1185,-0.016,5.1,8.3,-69,216,200.2,-94,179.2
2025/12/5 14:19,48.6,-1.3,24.5,-32,1185,-0.016,5.1,8.3,-69,216,200,-94,179.1
2025/12/5 14:19,48.7,-1.2,24.5,-29,1177,-0.016,5,8.3,-68,230,199.7,-94,178.9
2025/12/5 14:19,48.8,-1.2,24.5,-29,1155,-0.016,4.9,8.3,-66,225,199.9,-94,178.8
2025/12/5 14:19,48.9,-1.2,24.5,-29,1155,-0.016,4.9,8.3,-66,225,199.9,-94,178.8
2025/12/5 14:19,49,-1.1,24.5,-27,1136,-0.016,4.8,8.3,-65,241,199.5,-94,178.7
2025/12/5 14:19,49.1,-1.1,24.5,-27,1136,-0.016,4.8,8.3,-65,241,199.6,-94,178.6
2025/12/5 14:19,49.2,-1.1,24.5,-27,1125,-0.016,4.7,8.3,-64,236,199.4,-94,178.6
2025/12/5 14:19,49.3,-1.1,24.4,-27,1104,-0.016,4.7,8.2,-63,235,199.1,-94,178.6
2025/12/5 14:19,49.4,-1,24.4,-24,1104,-0.016,4.7,8.2,-63,259,199,-95,178.5
2025/12/5 14:19,49.5,-1,24.4,-24,1086,-0.016,4.6,8.2,-62,253,199.1,-94,178.5
2025/12/5 14:19,49.6,-1,24.4,-24,1086,-0.016,4.6,8.2,-62,254,198.7,-95,178.6
2025/12/5 14:19,49.7,-1,24.4,-24,1076,-0.016,4.5,8.2,-61,248,198.7,-95,178.5
2025/12/5 14:19,49.8,-0.9,24.4,-22,1056,-0.016,4.5,8.2,-61,276,198.7,-95,178.5
2025/12/5 14:19,49.9,-0.9,24.4,-22,1056,-0.016,4.4,8.2,-59,270,198.5,-95,178.5
2025/12/5 14:19,50,-0.9,24.4,-22,1036,-0.016,4.4,8.2,-59,269,198.8,-95,178.6
2025/12/5 14:19,50.1,-0.9,24.4,-22,1025,-0.016,4.3,8.2,-58,264,198.3,-95,178.6
2025/12/5 14:19,50.2,-0.8,24.4,-20,1025,-0.016,4.3,8.2,-58,297,198.3,-95,178.5
2025/12/5 14:19,50.3,-0.8,24.4,-20,1006,-0.016,4.2,8.1,-56,287,198.2,-95,178.5
2025/12/5 14:19,50.4,-0.8,24.4,-20,1006,-0.016,4.2,8.1,-56,287,198.1,-95,178.9
2025/12/5 14:19,50.5,-0.8,24.4,-20,995,-0.016,4.2,8,-55,284,197.7,-95,179.4
2025/12/5 14:19,50.6,-0.7,24.4,-17,976,-0.016,4.1,8,-54,317,-162.4,-95,-179.8
2025/12/5 14:19,50.7,-0.7,24.4,-17,976,-0.016,4.1,8,-54,317,-162.6,-95,-179.7
2025/12/5 14:19,50.8,-0.7,24.4,-17,956,-0.016,4,8,-53,310,-162.8,-96,-179.4
2025/12/5 14:19,50.9,-0.7,24.4,-17,956,-0.016,4,7.9,-52,306,-162.8,-96,-179.3
2025/12/5 14:19,51,-0.6,24.4,-15,947,-0.016,3.9,8,-52,352,-162.6,-95,-178.9
2025/12/5 14:19,51.1,-0.6,24.4,-15,928,-0.016,3.9,8,-52,353,-163,-96,-179.4
2025/12/5 14:19,51.2,-0.6,24.4,-15,928,-0.016,3.8,8.1,-51,348,-162.9,-96,-179.6
2025/12/5 14:19,51.3,-0.6,24.4,-15,918,-0.016,3.8,8,-50,344,196.9,-96,179.9
2025/12/5 14:19,51.4,-0.5,24.3,-12,909,-0.016,3.8,8,-50,415,196.6,-96,179.7
2025/12/5 14:19,51.5,-0.5,24.3,-12,898,-0.016,3.7,8,-49,404,197,-96,179.5
2025/12/5 14:19,51.6,-0.5,24.3,-12,879,-0.016,3.6,8.1,-48,397,197.1,-96,179.3
2025/12/5 14:19,51.7,-0.5,24.3,-12,879,-0.016,3.6,8.1,-48,398,196.6,-96,179.1
2025/12/5 14:19,51.8,-0.4,24.3,-10,868,-0.016,3.6,8.1,-48,497,196.9,-96,179.6
2025/12/5 14:19,51.9,-0.4,24.3,-10,849,-0.016,3.5,8.1,-47,483,196.9,-96,179.5
2025/12/5 14:19,52,-0.4,24.3,-10,839,-0.016,3.4,8.1,-46,470,196.6,-96,179.2
2025/12/5 14:19,52.1,-0.4,24.3,-10,829,-0.016,3.4,8.1,-46,471,196.3,-96,179.1
2025/12/5 14:19,52.2,-0.3,24.3,-7,829,-0.016,3.4,8.1,-46,629,196.1,-96,179
2025/12/5 14:19,52.3,-0.3,24.3,-7,819,-0.016,3.3,8.1,-45,611,195.9,-96,178.9
2025/12/5 14:19,52.4,-0.3,24.3,-7,799,-0.016,3.3,8.1,-44,610,196.3,-96,178.7
2025/12/5 14:19,52.5,-0.2,24.3,-5,789,-0.016,3.2,8.2,-44,901,195.6,-96,178.6
2025/12/5 14:19,52.6,-0.2,24.3,-5,780,-0.016,3.2,8.2,-44,900,195.8,-96,178.6
2025/12/5 14:19,52.7,-0.2,24.3,-5,780,-0.016,3.1,8.1,-42,860,196,-96,178.5
2025/12/5 14:19,52.8,-0.2,24.3,-5,769,-0.016,3.1,8.2,-42,873,195.6,-96,178.5
2025/12/5 14:19,52.9,-0.1,24.2,-2,747,-0.016,3,8.2,-41,1697,195.4,-96,178.9
2025/12/5 14:19,53,-0.1,24.2,-2,747,-0.016,3,8.2,-41,1697,195.4,-96,179
2025/12/5 14:19,53.1,-0.1,24.2,-2,730,-0.016,3,8.2,-41,1697,195.5,-96,178.9
2025/12/5 14:19,53.2,-0.1,24.2,-2,730,-0.016,2.9,8.1,-39,1622,195.3,-96,178.9
2025/12/5 14:19,53.3,0,24.2,0,720,-0.016,2.9,8.1,-39,0,195,-97,178.8
2025/12/5 14:19,53.4,0,24.2,0,701,-0.016,2.8,8.2,-38,0,194.9,-97,178.7
2025/12/5 14:19,53.5,0,24.2,0,701,-0.016,2.7,8.2,-37,0,195.2,-97,178.6
2025/12/5 14:19,53.6,0,24.2,0,680,-0.016,2.7,8.3,-37,0,195.8,-96,178.6
2025/12/5 14:19,53.7,0,24.2,0,670,-0.016,2.6,8.3,-36,0,194.8,-97,178.6
2025/12/5 14:19,53.8,0,24.2,0,670,-0.016,2.6,8.3,-36,0,195.4,-96,178.6
2025/12/5 14:19,53.9,0,24.2,0,651,-0.016,2.5,8.3,-35,0,195.1,-97,179
2025/12/5 14:19,54,0.1,24.2,2,651,-0.016,2.5,8.3,-35,-1435,195,-97,179
2025/12/5 14:19,54.1,0.1,24.2,2,640,-0.016,2.4,8.2,-33,-1362,194.7,-97,179.2
2025/12/5 14:19,54.2,0.1,24.1,2,620,-0.016,2.4,8.3,-33,-1384,194.8,-97,179.1
2025/12/5 14:19,54.3,0.2,24.1,5,620,-0.016,2.3,8.3,-32,-660,195.7,-96,179.1
2025/12/5 14:19,54.4,0.2,24.1,5,601,-0.016,2.3,8.3,-32,-660,195.8,-96,179
2025/12/5 14:19,54.5,0.2,24.1,5,601,-0.016,2.3,8.3,-32,-664,194.6,-97,179
2025/12/5 14:19,54.6,0.2,24.1,5,591,-0.016,2.2,8.3,-31,-635,194.6,-97,178.9
2025/12/5 14:19,54.7,0.3,24.1,7,571,-0.016,2.1,8.3,-29,-402,195.5,-96,178.9
2025/12/5 14:19,54.8,0.3,24.1,7,561,-0.016,2.1,8.4,-29,-407,195.6,-96,178.9
2025/12/5 14:19,54.9,0.4,24.1,10,551,-0.016,2,8.4,-28,-290,195.9,-96,178.9
2025/12/5 14:19,55,0.4,24.1,10,551,-0.016,2,8.4,-28,-291,195.1,-97,178.9
2025/12/5 14:19,55.1,0.4,24,10,531,-0.016,2,8.3,-28,-289,195.2,-97,178.8
2025/12/5 14:19,55.2,0.4,24,10,522,-0.016,1.9,8.2,-26,-271,195.7,-96,178.8
2025/12/5 14:19,55.3,0.4,24,10,522,-0.016,1.9,8.2,-26,-271,195.4,-96,178.8
2025/12/5 14:19,55.4,0.5,24,12,503,-0.016,1.8,8.1,-24,-204,194.1,-97,178.7
2025/12/5 14:19,55.5,0.5,24,12,503,-0.016,1.8,8.1,-25,-204,193.7,-97,178.7
2025/12/5 14:19,55.6,0.5,24,12,493,-0.016,1.7,8.1,-23,-193,193.7,-97,179.1
2025/12/5 14:19,55.7,0.5,24,12,474,-0.016,1.6,8.1,-22,-182,193.9,-97,179
2025/12/5 14:19,55.8,0.6,24,14,464,-0.016,1.6,8.2,-22,-153,194.9,-97,179.4
2025/12/5 14:19,55.9,0.6,24,14,464,-0.016,1.6,8.2,-22,-152,195.4,-96,179.3
2025/12/5 14:19,56,0.6,24,14,455,-0.016,1.6,8.2,-22,-152,195.6,-96,179.2
2025/12/5 14:19,56.1,0.7,24,17,445,-0.016,1.5,8.3,-21,-125,193.2,-97,179
2025/12/5 14:19,56.2,0.7,23.9,17,425,-0.016,1.4,8.3,-19,-116,195.8,-96,179
2025/12/5 14:19,56.3,0.7,23.9,17,415,-0.016,1.3,8.2,-18,-107,193.1,-97,178.9
2025/12/5 14:19,56.4,0.8,23.9,19,415,-0.016,1.3,8.3,-18,-94,195.4,-96,178.8
2025/12/5 14:19,56.5,0.8,23.9,19,395,-0.016,1.2,8.3,-17,-88,193.6,-97,178.8
2025/12/5 14:19,56.6,0.8,23.9,19,395,-0.016,1.2,8.4,-17,-88,196.4,-96,178.7
2025/12/5 14:19,56.7,0.9,23.9,22,375,-0.016,1.1,8.5,-16,-72,196.6,-96,178.7
2025/12/5 14:19,56.8,0.9,23.9,22,365,-0.016,1.1,8.6,-16,-73,196.8,-96,178.6
2025/12/5 14:19,56.9,1,23.9,24,365,-0.016,1.1,8.6,-16,-67,193.7,-97,178.6
2025/12/5 14:19,57,1,23.8,24,344,-0.016,1,8.6,-14,-61,193.7,-97,179.1
2025/12/5 14:19,57.1,1,23.8,24,344,-0.016,1,8.6,-14,-60,197.1,-96,179.3
2025/12/5 14:19,57.2,1.1,23.8,26,324,-0.016,0.9,8.6,-13,-50,193.7,-97,179.2
2025/12/5 14:19,57.3,1.1,23.8,26,314,-0.016,0.8,8.6,-11,-43,198.8,-95,179.1
2025/12/5 14:19,57.4,1.1,23.8,26,314,-0.016,0.8,8.5,-11,-44,194.2,-97,179.1
2025/12/5 14:19,57.5,1.2,23.8,29,294,-0.016,0.8,8.6,-11,-40,198,-95,179
2025/12/5 14:19,57.6,1.2,23.8,29,294,-0.016,0.7,8.5,-10,-34,200.6,-94,178.9
2025/12/5 14:19,57.7,1.2,23.7,28,274,-0.016,0.6,8.4,-8,-30,195.3,-96,178.9
2025/12/5 14:19,57.8,1.2,23.7,28,274,-0.016,0.6,8.4,-8,-30,193.2,-97,178.9
2025/12/5 14:19,57.9,1.3,23.7,31,254,-0.016,0.6,8.5,-9,-28,194.5,-97,179
2025/12/5 14:19,58,1.3,23.7,31,245,-0.016,0.5,8.5,-7,-23,194.8,-97,179.1
2025/12/5 14:19,58.1,1.3,23.7,31,245,-0.016,0.5,8.5,-7,-23,194.3,-97,179.2
2025/12/5 14:19,58.2,1.4,23.7,33,235,-0.016,0.4,8.4,-6,-17,193.2,-97,179.2
2025/12/5 14:19,58.3,1.4,23.7,33,226,-0.016,0.3,8.4,-4,-13,196.1,-96,179.1
2025/12/5 14:19,58.4,1.4,23.7,33,216,-0.016,0.3,8.5,-4,-11,214.9,-82,179
2025/12/5 14:19,58.5,1.5,23.6,35,196,-0.016,0.3,8.4,-4,-11,203.6,-92,179
2025/12/5 14:19,58.6,1.5,23.6,35,187,-0.016,0.1,8.6,-1,-3,217,-80,179
2025/12/5 14:19,58.7,1.5,23.6,35,187,-0.016,0.2,8.6,-2,-5,231.5,-62,178.9
2025/12/5 14:19,58.8,1.6,23.6,38,176,-0.016,0.2,8.5,-3,-7,205.6,-90,178.9
2025/12/5 14:19,58.9,1.6,23.6,38,166,-0.016,0.2,8.4,-1,-3,249.9,-34,178.8
2025/12/5 14:19,59,1.6,23.6,38,148,-0.016,0,8.4,0,0,306.4,59,179
2025/12/5 14:19,59.1,1.7,23.5,40,137,-0.016,0,8.6,0,0,1.4,100,178.8
2025/12/5 14:19,59.2,1.7,23.5,40,137,-0.016,0.2,8.6,0,1,278.6,15,178.7
2025/12/5 14:19,59.3,1.7,23.5,40,116,-0.016,0.2,8.6,1,2,286.2,28,178.7
2025/12/5 14:19,59.4,1.8,23.5,42,116,-0.016,0.2,8.5,3,7,2.7,100,178.6
2025/12/5 14:19,59.5,1.8,23.5,42,98,-0.016,0.3,8.5,4,10,341.4,95,178.6
2025/12/5 14:19,59.6,1.8,23.5,42,98,-0.016,0.1,8.4,1,3,28.9,88,178.6
2025/12/5 14:19,59.7,1.8,23.5,42,89,-0.016,0.4,8.2,6,13,354.7,100,178.7
2025/12/5 14:19,59.8,1.8,23.5,42,71,-0.016,0.2,8.2,2,4,304.7,57,178.6
2025/12/5 14:19,59.9,1.8,23.5,42,71,-0.016,0.5,8.2,6,15,335.7,91,178.7
2025/12/5 14:19,60,1.9,23.4,44,53,-0.016,0.3,8.2,4,8,34.4,83,178.6
2025/12/5 14:19,60.1,1.9,23.4,44,53,-0.016,0.1,8.2,1,2,319.1,76,178.6
2025/12/5 14:19,60.2,1.9,23.4,44,43,-0.016,0.8,8.3,10,22,328.5,85,178.4
2025/12/5 14:19,60.3,2,23.4,47,24,-0.016,1.1,8.3,16,33,7.7,99,178.6
2025/12/5 14:19,60.4,2,23.4,47,24,-0.016,1.1,8.2,14,30,24.8,91,178.7
2025/12/5 14:19,60.5,1.9,23.4,44,7,-0.016,1.1,7.8,8,19,56.3,55,178.5
2025/12/5 14:19,60.6,1.9,23.4,44,7,-0.016,1.1,7.6,5,11,70.7,33,178.6
2025/12/5 14:19,60.7,1.8,23.4,42,0,-0.016,1.3,7,0,0,89.6,1,178.5
2025/12/5 14:19,60.8,1.7,23.4,40,-9,-0.016,1.6,6.3,-1,-3,93.4,-6,178.8
2025/12/5 14:19,60.9,1.6,23.4,37,-9,-0.016,1.8,6,0,0,89.6,1,178.7
2025/12/5 14:19,61,1.5,23.5,35,-13,-0.016,1.9,5.3,5,13,74.7,26,178.8
2025/12/5 14:19,61.1,1.4,23.5,33,-16,-0.016,1.9,5,7,22,64,44,178.6
2025/12/5 14:19,61.2,1.3,23.5,31,-19,-0.016,1.5,4.4,9,29,38.1,79,178.6
2025/12/5 14:19,61.3,1.2,23.5,28,-22,-0.016,0.9,3.7,6,20,9.2,99,178.5
2025/12/5 14:19,61.4,1,23.5,24,-24,-0.016,0.1,3.2,1,2,22.8,92,178.6
2025/12/5 14:19,61.5,1,23.6,24,-24,-0.016,0.3,2.9,0,-2,105.5,-27,178.5
2025/12/5 14:19,61.6,0.9,23.6,21,-25,-0.016,0.8,2.4,1,3,80.5,17,178.5
2025/12/5 14:19,61.7,0.8,23.6,19,-25,-0.016,0.9,2.1,2,9,60.5,49,178.5
2025/12/5 14:19,61.8,0.7,23.6,17,-25,-0.016,0.9,1.7,3,15,16.6,96,178.6
2025/12/5 14:19,61.9,0.6,23.6,14,-25,-0.016,0.5,1.3,1,6,321.1,78,178.6
2025/12/5 14:19,62,0.6,23.6,14,-25,-0.016,0.3,1.1,0,1,279.6,17,178.7
2025/12/5 14:19,62.1,0.5,23.7,12,-23,-0.016,0.4,0.7,0,-4,160.6,-94,179.1
2025/12/5 14:19,62.2,0.5,23.7,12,-23,-0.016,0.5,0.6,0,-2,121.4,-52,178.1
2025/12/5 14:19,62.3,0.5,23.7,12,-21,-0.016,0.7,0.2,0,1,66.9,39,178
2025/12/5 14:19,62.4,0.4,23.7,9,-20,-0.016,0.8,0,0,0,14.6,97,175.4
2025/12/5 14:19,62.5,0.4,23.7,9,-20,-0.016,0.8,0,0,0,171.8,-99,-2
2025/12/5 14:19,62.6,0.4,23.7,9,-17,-0.016,0.7,0.2,0,-1,119.1,-49,-1.6
2025/12/5 14:19,62.7,0.3,23.7,7,-17,-0.016,0.7,0.3,0,0,95.3,-9,1.8
2025/12/5 14:19,62.8,0.3,23.7,7,-15,-0.016,0.8,0.5,1,7,43.3,73,0.5
2025/12/5 14:19,62.9,0.3,23.7,7,-13,-0.016,0.9,0.6,1,13,0.5,100,1.3
2025/12/5 14:19,63,0.3,23.7,7,-13,-0.016,1,0.6,1,14,-18.5,95,0.9
2025/12/5 14:19,63.1,0.3,23.7,7,-9,-0.016,1.1,0.7,1,12,-50.4,64,1.6
2025/12/5 14:19,63.2,0.2,23.7,5,-9,-0.016,1.2,0.8,1,14,-66.6,40,0.5
2025/12/5 14:19,63.3,0.2,23.7,5,-8,-0.016,1.3,0.8,0,-2,-92.3,-4,1
2025/12/5 14:19,63.4,0.2,23.7,5,-7,-0.016,1.4,0.8,0,-9,-102.7,-22,1.9
2025/12/5 14:19,63.5,0.2,23.8,5,-4,-0.016,1.6,0.8,-2,-32,-134,-69,0
2025/12/5 14:19,63.6,0.2,23.8,5,-3,-0.016,1.7,0.8,-2,-39,-141.9,-79,-0.3
2025/12/5 14:19,63.7,0.2,23.8,5,-3,-0.016,1.7,0.8,-2,-42,-149.1,-86,-0.5
2025/12/5 14:19,63.8,0.2,23.8,5,-1,-0.016,1.9,0.8,-2,-52,-159.8,-94,-0.6
2025/12/5 14:19,63.9,0.2,23.8,5,0,-0.016,2.1,0.8,-3,-59,-166.6,-97,-0.4
2025/12/5 14:19,64,0.2,23.8,5,1,-0.016,2.2,0.8,-3,-63,-170,-98,-0.4
2025/12/5 14:19,64.1,0.2,23.8,5,2,-0.016,2.3,0.8,-3,-66,-170.2,-99,-0.1
2025/12/5 14:19,64.2,0.1,23.8,2,2,-0.016,2.4,0.8,-3,-138,-170.1,-99,-0.1
2025/12/5 14:19,64.3,0.1,23.8,2,3,-0.016,2.5,0.8,-3,-142,-167.5,-98,0.1
2025/12/5 14:19,64.4,0.1,23.8,2,4,-0.016,2.5,0.8,-3,-139,-162.3,-95,0.5
2025/12/5 14:19,64.5,0.1,23.8,2,4,-0.016,2.5,0.8,-3,-133,-156.1,-91,-0.2
2025/12/5 14:19,64.6,0.1,23.8,2,5,-0.016,2.5,0.8,-3,-129,-152.4,-89,-1.1
2025/12/5 14:19,64.7,0.1,23.8,2,5,-0.016,2.5,0.7,-3,-107,-147.3,-84,-0.9
2025/12/5 14:19,64.8,0.1,23.8,2,6,-0.016,2.4,0.7,-2,-85,-134.1,-70,0.7
2025/12/5 14:19,64.9,0.1,23.8,2,6,-0.016,2.3,0.7,-1,-59,-120.3,-50,0.5
2025/12/5 14:19,65,0.1,23.8,2,6,-0.016,2.2,0.7,-1,-45,-113.7,-40,-0.3
2025/12/5 14:19,65.1,0.1,23.8,2,7,-0.016,2.1,0.7,0,-9,-95,-9,1
2025/12/5 14:19,65.2,0.1,23.8,2,8,-0.016,1.9,0.7,1,25,-74.9,26,1.3
2025/12/5 14:19,65.3,0.1,23.8,2,8,-0.016,1.8,0.7,1,38,-65.2,42,0.3
2025/12/5 14:19,65.4,0.1,23.8,2,9,-0.016,1.6,0.7,2,63,-39.3,77,2.4
2025/12/5 14:19,65.5,0.1,23.8,2,9,-0.016,1.5,0.8,2,78,-26.4,90,2.4
2025/12/5 14:19,65.6,0.1,23.8,2,10,-0.016,1.4,0.7,2,71,0.7,100,1.6
2025/12/5 14:19,65.7,0.1,23.8,2,10,-0.016,1.3,0.7,2,63,17.1,96,2.6
2025/12/5 14:19,65.8,0.1,23.8,2,10,-0.016,1.1,0.7,1,37,48.7,66,0.7
2025/12/5 14:19,65.9,0.1,23.8,2,12,-0.016,1,0.7,0,3,86.4,6,1.7
2025/12/5 14:19,66,0.1,23.8,2,12,-0.016,0.9,0.7,0,-12,105.4,-27,0.5
2025/12/5 14:19,66.1,0.1,23.8,2,12,-0.016,0.9,0.7,-1,-38,146.8,-84,0.4
2025/12/5 14:19,66.2,0.1,23.8,2,12,-0.016,0.8,0.7,-1,-40,168.4,-98,-0.2
2025/12/5 14:19,66.3,0.1,23.8,2,13,-0.016,0.9,0.7,-1,-26,-125.2,-58,-0.2
2025/12/5 14:19,66.4,0.1,23.8,2,13,-0.016,0.9,0.6,0,-9,-103.2,-23,0
2025/12/5 14:19,66.5,0.1,23.8,2,13,-0.016,1,0.6,0,6,-81.8,14,1.1
2025/12/5 14:19,66.6,0.1,23.8,2,14,-0.016,1,0.6,1,32,-42.3,74,1.4
2025/12/5 14:19,66.7,0.1,23.8,2,14,-0.016,1,0.6,1,40,-22.4,92,1.8
2025/12/5 14:19,66.8,0.1,23.8,2,14,-0.016,1,0.6,1,42,16.9,96,2.1
2025/12/5 14:19,66.9,0.1,23.8,2,15,-0.016,0.9,0.6,1,21,57,54,1
2025/12/5 14:19,67,0.1,23.8,2,15,-0.016,0.8,0.6,0,6,80.1,17,1.6
2025/12/5 14:19,67.1,0.1,23.8,2,15,-0.016,0.7,0.5,0,-16,127.7,-61,0
2025/12/5 14:19,67.2,0,23.8,0,15,-0.016,0.7,0.5,-1,0,-177.1,-100,-1.3
2025/12/5 14:19,67.3,0,23.8,0,15,-0.016,0.7,0.5,-1,0,-147.8,-85,-0.5
2025/12/5 14:19,67.4,0,23.8,0,16,-0.016,0.8,0.4,0,0,-95,-9,-0.2
2025/12/5 14:19,67.5,0,23.8,0,16,-0.016,0.9,0.4,0,0,-49,66,0.3
2025/12/5 14:19,67.6,0,23.8,0,16,-0.016,0.9,0.4,1,0,-26,90,1.6
2025/12/5 14:19,67.7,0,23.8,0,16,-0.016,0.9,0.4,1,0,15.9,96,1.6
2025/12/5 14:19,67.8,0,23.8,0,16,-0.016,0.9,0.4,0,0,37.6,79,1.1
2025/12/5 14:19,67.9,0,23.8,0,16,-0.016,0.8,0.4,0,0,82.8,13,0.5
2025/12/5 14:19,68,0,23.8,0,16,-0.016,0.7,0.4,0,0,134.2,-70,-0.9
2025/12/5 14:19,68.1,0,23.8,0,16,-0.016,0.7,0.3,0,0,162.9,-96,-1.2
2025/12/5 14:19,68.2,0,23.8,0,16,-0.016,0.7,0.3,0,0,-138.8,-75,-1.3
2025/12/5 14:19,68.3,0,23.8,0,16,-0.016,0.7,0.3,0,0,-112,-37,-1.8
2025/12/5 14:19,68.4,0,23.8,0,16,-0.016,0.8,0.3,0,0,-60.8,49,-0.4
2025/12/5 14:19,68.5,0,23.8,0,16,-0.016,0.9,0.3,0,0,-36.3,81,1.3
2025/12/5 14:19,68.6,0,23.8,0,16,-0.016,0.9,0.3,0,0,6.9,99,1.4
2025/12/5 14:19,68.7,0,23.8,0,16,-0.016,0.8,0.4,0,0,51.2,63,0.5
2025/12/5 14:19,68.8,0,23.8,0,16,-0.016,0.8,0.4,0,0,75.4,25,1.1
2025/12/5 14:19,68.9,0,23.8,0,17,-0.016,0.7,0.3,0,0,126.5,-59,-0.5
2025/12/5 14:19,69,0,23.8,0,17,-0.016,0.6,0.3,0,0,155.8,-91,-0.6
2025/12/5 14:19,69.1,0,23.8,0,16,-0.016,0.7,0.3,0,0,-143.5,-80,-0.5
2025/12/5 14:19,69.2,0,23.8,0,16,-0.016,0.8,0.3,0,0,-88,3,0.1
2025/12/5 14:19,69.3,0,23.8,0,16,-0.016,0.9,0.3,0,0,-39.3,77,1.6
2025/12/5 14:19,69.4,0,23.8,0,16,-0.016,0.9,0.3,0,0,-17,96,1.8
2025/12/5 14:19,69.5,0,23.8,0,16,-0.016,0.9,0.3,0,0,4.8,100,1.5
2025/12/5 14:19,69.6,0,23.8,0,17,-0.016,0.9,0.3,0,0,48.6,66,1
2025/12/5 14:19,69.7,0,23.8,0,17,-0.016,0.7,0.3,0,0,97.2,-13,0.7
2025/12/5 14:19,69.8,0,23.8,0,17,-0.016,0.6,0.3,0,0,152.3,-89,-0.3
2025/12/5 14:19,69.9,0,23.8,0,17,-0.016,0.6,0.3,0,0,-179,-100,-1.5
2025/12/5 14:19,70,0,23.8,0,17,-0.016,0.6,0.3,0,0,-147.9,-85,-0.7
